{"cameraMode":{"drawMode":0,"name":"Shaded","section":"Shading Mode"},"sceneLighting":true,"audioPlay":false,"sceneViewState":{"m_AlwaysRefresh":false,"showFog":true,"showSkybox":true,"showFlares":true,"showImageEffects":true,"showParticleSystems":true,"showVisualEffectGraphs":true,"m_FxEnabled":true},"in2DMode":false,"pivot":{"x":11.3394775390625,"y":4.589209079742432,"z":4.3426899909973148},"rotation":{"x":-0.013689415529370308,"y":0.01149460207670927,"z":0.00015231907309498638,"w":0.9998606443405151},"size":9.75747299194336,"orthographic":false}